[{"name": "blt1", "description": "Balanced Liquidity Traded 1", "date": "2024-08-26 23:07:47.641162", "direction": "BUY", "max_loss": "1", "max_profit": "1", "Anual_ret": "0.3440400", "stock": [{"name": "blt1", "symbol": "ZYDUSLIFE", "stock_qty": 6666, "buy_price": "1130.00", "act_buy_price": "1.00", "act_sell_price": "1.00", "close": "1108.45", "return_percentage": "0.00", "return_amt": "0.00", "user": 10, "day": "2024-08-26", "MAX_STOCK_FOUND": 3, "btst_return": "-4.13", "bucket": "ALL", "tag": "", "HA_PROB": 0.0}, {"name": "blt1", "symbol": "GRINFRA", "stock_qty": 6666, "buy_price": "1565.10", "act_buy_price": "1.00", "act_sell_price": "1.00", "close": "1546.05", "return_percentage": "0.00", "return_amt": "0.00", "user": 10, "day": "2024-08-26", "MAX_STOCK_FOUND": 0, "btst_return": "-0.23", "bucket": "ALL", "tag": "", "HA_PROB": 0.0}, {"name": "blt1", "symbol": "MAPMYINDIA", "stock_qty": 6666, "buy_price": "2152.00", "act_buy_price": "1.00", "act_sell_price": "1.00", "close": "2088.50", "return_percentage": "0.00", "return_amt": "0.00", "user": 10, "day": "2024-08-26", "MAX_STOCK_FOUND": 1, "btst_return": "0.53", "bucket": "ALL", "tag": "", "HA_PROB": 0.0}, {"name": "blt1", "symbol": "ORIENTCEM", "stock_qty": 6666, "buy_price": "331.95", "act_buy_price": "1.00", "act_sell_price": "1.00", "close": "309.40", "return_percentage": "0.00", "return_amt": "0.00", "user": 10, "day": "2024-08-26", "MAX_STOCK_FOUND": 2, "btst_return": "0.18", "bucket": "ALL", "tag": "", "HA_PROB": 0.0}], "report": {"error": "No records found for the given name"}}, {"name": "blt2", "description": "Balanced Liquidity Traded 2", "date": "2024-08-26 23:07:47.659837", "direction": "BUY", "max_loss": "3", "max_profit": "2", "Anual_ret": "0.2492200", "stock": [{"name": "blt2", "symbol": "ZYDUSLIFE", "stock_qty": 6666, "buy_price": "1130.00", "act_buy_price": "1.00", "act_sell_price": "1.00", "close": "1108.45", "return_percentage": "0.00", "return_amt": "0.00", "user": 10, "day": "2024-08-26", "MAX_STOCK_FOUND": 4, "btst_return": "-4.13", "bucket": "ALL", "tag": "", "HA_PROB": 0.0}, {"name": "blt2", "symbol": "GRINFRA", "stock_qty": 6666, "buy_price": "1565.10", "act_buy_price": "1.00", "act_sell_price": "1.00", "close": "1546.05", "return_percentage": "0.00", "return_amt": "0.00", "user": 10, "day": "2024-08-26", "MAX_STOCK_FOUND": 0, "btst_return": "-0.23", "bucket": "ALL", "tag": "", "HA_PROB": 0.0}, {"name": "blt2", "symbol": "MAXHEALTH", "stock_qty": 6666, "buy_price": "853.85", "act_buy_price": "1.00", "act_sell_price": "1.00", "close": "860.85", "return_percentage": "0.00", "return_amt": "0.00", "user": 10, "day": "2024-08-26", "MAX_STOCK_FOUND": 1, "btst_return": "0.11", "bucket": "ALL", "tag": "", "HA_PROB": 0.0}, {"name": "blt2", "symbol": "MOLDTKPAC", "stock_qty": 6666, "buy_price": "785.00", "act_buy_price": "1.00", "act_sell_price": "1.00", "close": "783.60", "return_percentage": "0.00", "return_amt": "0.00", "user": 10, "day": "2024-08-26", "MAX_STOCK_FOUND": 2, "btst_return": "0.98", "bucket": "ALL", "tag": "", "HA_PROB": 0.0}, {"name": "blt2", "symbol": "ORIENTCEM", "stock_qty": 6666, "buy_price": "331.95", "act_buy_price": "1.00", "act_sell_price": "1.00", "close": "309.40", "return_percentage": "0.00", "return_amt": "0.00", "user": 10, "day": "2024-08-26", "MAX_STOCK_FOUND": 3, "btst_return": "0.18", "bucket": "ALL", "tag": "", "HA_PROB": 0.0}], "report": {"error": "No records found for the given name"}}, {"name": "blt3", "description": "Balanced Liquidity Traded 3", "date": "2024-08-26 23:07:47.676173", "direction": "BUY", "max_loss": "4", "max_profit": "2", "Anual_ret": "-0.0378800", "stock": [{"name": "blt3", "symbol": "ZYDUSLIFE", "stock_qty": 6666, "buy_price": "1130.00", "act_buy_price": "1.00", "act_sell_price": "1.00", "close": "1108.45", "return_percentage": "0.00", "return_amt": "0.00", "user": 10, "day": "2024-08-26", "MAX_STOCK_FOUND": 4, "btst_return": "-4.13", "bucket": "ALL", "tag": "", "HA_PROB": 0.0}, {"name": "blt3", "symbol": "ASHAPURMIN", "stock_qty": 6666, "buy_price": "329.80", "act_buy_price": "1.00", "act_sell_price": "1.00", "close": "326.85", "return_percentage": "0.00", "return_amt": "0.00", "user": 10, "day": "2024-08-26", "MAX_STOCK_FOUND": 0, "btst_return": "1.49", "bucket": "ALL", "tag": "", "HA_PROB": 0.0}, {"name": "blt3", "symbol": "HINDUNILVR", "stock_qty": 6666, "buy_price": "2815.60", "act_buy_price": "1.00", "act_sell_price": "1.00", "close": "2821.15", "return_percentage": "0.00", "return_amt": "0.00", "user": 10, "day": "2024-08-26", "MAX_STOCK_FOUND": 1, "btst_return": "0.00", "bucket": "ALL", "tag": "", "HA_PROB": 0.0}, {"name": "blt3", "symbol": "MOLDTKPAC", "stock_qty": 6666, "buy_price": "785.00", "act_buy_price": "1.00", "act_sell_price": "1.00", "close": "783.60", "return_percentage": "0.00", "return_amt": "0.00", "user": 10, "day": "2024-08-26", "MAX_STOCK_FOUND": 2, "btst_return": "0.98", "bucket": "ALL", "tag": "", "HA_PROB": 0.0}, {"name": "blt3", "symbol": "NGLFINE", "stock_qty": 6666, "buy_price": "2255.45", "act_buy_price": "1.00", "act_sell_price": "1.00", "close": "2166.90", "return_percentage": "0.00", "return_amt": "0.00", "user": 10, "day": "2024-08-26", "MAX_STOCK_FOUND": 3, "btst_return": "0.00", "bucket": "ALL", "tag": "", "HA_PROB": 0.0}], "report": {"error": "No records found for the given name"}}, {"name": "blt4", "description": "Balanced Liquidity Traded 4 ", "date": "2024-08-26 23:07:47.687220", "direction": "BUY", "max_loss": "6", "max_profit": "2", "Anual_ret": "0.2754100", "stock": [{"name": "blt4", "symbol": "DALBHARAT", "stock_qty": 6666, "buy_price": "1820.00", "act_buy_price": "1.00", "act_sell_price": "1.00", "close": "1814.90", "return_percentage": "0.00", "return_amt": "0.00", "user": 10, "day": "2024-08-26", "MAX_STOCK_FOUND": 0, "btst_return": "0.88", "bucket": "ALL", "tag": "", "HA_PROB": 0.0}, {"name": "blt4", "symbol": "HINDUNILVR", "stock_qty": 6666, "buy_price": "2815.60", "act_buy_price": "1.00", "act_sell_price": "1.00", "close": "2821.15", "return_percentage": "0.00", "return_amt": "0.00", "user": 10, "day": "2024-08-26", "MAX_STOCK_FOUND": 1, "btst_return": "0.00", "bucket": "ALL", "tag": "", "HA_PROB": 0.0}, {"name": "blt4", "symbol": "KEC", "stock_qty": 6666, "buy_price": "888.00", "act_buy_price": "1.00", "act_sell_price": "1.00", "close": "854.05", "return_percentage": "0.00", "return_amt": "0.00", "user": 10, "day": "2024-08-26", "MAX_STOCK_FOUND": 2, "btst_return": "5.73", "bucket": "ALL", "tag": "", "HA_PROB": 0.0}], "report": {"error": "No records found for the given name"}}, {"name": "rgt51kdtc1", "description": "Rapid Growth 5 Small Cap", "date": "2024-08-26 23:07:47.722953", "direction": "SELL", "max_loss": "4", "max_profit": "2", "Anual_ret": "2.7536400", "stock": [{"name": "rgt51kdtc1", "symbol": "TATACONSUM", "stock_qty": 6666, "buy_price": "1205.00", "act_buy_price": "1.00", "act_sell_price": "1.00", "close": "1220.05", "return_percentage": "0.00", "return_amt": "0.00", "user": 10, "day": "2024-08-26", "MAX_STOCK_FOUND": 0, "btst_return": "0.69", "bucket": "ALL", "tag": "", "HA_PROB": 0.0}, {"name": "rgt51kdtc1", "symbol": "TEAMLEASE", "stock_qty": 6666, "buy_price": "3272.45", "act_buy_price": "1.00", "act_sell_price": "1.00", "close": "3228.50", "return_percentage": "0.00", "return_amt": "0.00", "user": 10, "day": "2024-08-26", "MAX_STOCK_FOUND": 1, "btst_return": "1.01", "bucket": "ALL", "tag": "", "HA_PROB": 0.0}], "report": {"error": "No records found for the given name"}}, {"name": "rgt5adtc1", "description": "Rapid Growth 5 All", "date": "2024-08-26 23:07:47.766262", "direction": "SELL", "max_loss": "6", "max_profit": "2", "Anual_ret": "-0.6083200", "stock": [{"name": "rgt5adtc1", "symbol": "AKSHARCHEM", "stock_qty": 6666, "buy_price": "359.95", "act_buy_price": "1.00", "act_sell_price": "1.00", "close": "348.00", "return_percentage": "0.00", "return_amt": "0.00", "user": 10, "day": "2024-08-26", "MAX_STOCK_FOUND": 0, "btst_return": "2.48", "bucket": "ALL", "tag": "", "HA_PROB": 0.0}, {"name": "rgt5adtc1", "symbol": "APARINDS", "stock_qty": 6666, "buy_price": "8950.25", "act_buy_price": "1.00", "act_sell_price": "1.00", "close": "8992.15", "return_percentage": "0.00", "return_amt": "0.00", "user": 10, "day": "2024-08-26", "MAX_STOCK_FOUND": 1, "btst_return": "0.00", "bucket": "ALL", "tag": "", "HA_PROB": 0.0}, {"name": "rgt5adtc1", "symbol": "ARVINDFASN", "stock_qty": 6666, "buy_price": "510.95", "act_buy_price": "1.00", "act_sell_price": "1.00", "close": "519.15", "return_percentage": "0.00", "return_amt": "0.00", "user": 10, "day": "2024-08-26", "MAX_STOCK_FOUND": 2, "btst_return": "0.06", "bucket": "ALL", "tag": "", "HA_PROB": 0.0}, {"name": "rgt5adtc1", "symbol": "AXISCADES", "stock_qty": 6666, "buy_price": "619.00", "act_buy_price": "1.00", "act_sell_price": "1.00", "close": "643.50", "return_percentage": "0.00", "return_amt": "0.00", "user": 10, "day": "2024-08-26", "MAX_STOCK_FOUND": 3, "btst_return": "1.23", "bucket": "ALL", "tag": "", "HA_PROB": 0.0}, {"name": "rgt5adtc1", "symbol": "BESTAGRO", "stock_qty": 6666, "buy_price": "640.95", "act_buy_price": "1.00", "act_sell_price": "1.00", "close": "658.00", "return_percentage": "0.00", "return_amt": "0.00", "user": 10, "day": "2024-08-26", "MAX_STOCK_FOUND": 4, "btst_return": "1.55", "bucket": "ALL", "tag": "", "HA_PROB": 0.0}, {"name": "rgt5adtc1", "symbol": "BHARTIARTL", "stock_qty": 6666, "buy_price": "1509.00", "act_buy_price": "1.00", "act_sell_price": "1.00", "close": "1513.55", "return_percentage": "0.00", "return_amt": "0.00", "user": 10, "day": "2024-08-26", "MAX_STOCK_FOUND": 5, "btst_return": "0.15", "bucket": "ALL", "tag": "", "HA_PROB": 0.0}, {"name": "rgt5adtc1", "symbol": "CENTURYTEX", "stock_qty": 6666, "buy_price": "2365.00", "act_buy_price": "1.00", "act_sell_price": "1.00", "close": "2376.35", "return_percentage": "0.00", "return_amt": "0.00", "user": 10, "day": "2024-08-26", "MAX_STOCK_FOUND": 6, "btst_return": "0.62", "bucket": "ALL", "tag": "", "HA_PROB": 0.0}, {"name": "rgt5adtc1", "symbol": "CHALET", "stock_qty": 6666, "buy_price": "800.05", "act_buy_price": "1.00", "act_sell_price": "1.00", "close": "824.35", "return_percentage": "0.00", "return_amt": "0.00", "user": 10, "day": "2024-08-26", "MAX_STOCK_FOUND": 7, "btst_return": "0.40", "bucket": "ALL", "tag": "", "HA_PROB": 0.0}, {"name": "rgt5adtc1", "symbol": "DALBHARAT", "stock_qty": 6666, "buy_price": "1820.00", "act_buy_price": "1.00", "act_sell_price": "1.00", "close": "1814.90", "return_percentage": "0.00", "return_amt": "0.00", "user": 10, "day": "2024-08-26", "MAX_STOCK_FOUND": 8, "btst_return": "0.88", "bucket": "ALL", "tag": "", "HA_PROB": 0.0}, {"name": "rgt5adtc1", "symbol": "DEEPINDS", "stock_qty": 6666, "buy_price": "369.80", "act_buy_price": "1.00", "act_sell_price": "1.00", "close": "378.20", "return_percentage": "0.00", "return_amt": "0.00", "user": 10, "day": "2024-08-26", "MAX_STOCK_FOUND": 9, "btst_return": "0.79", "bucket": "ALL", "tag": "", "HA_PROB": 0.0}, {"name": "rgt5adtc1", "symbol": "DYCL", "stock_qty": 6666, "buy_price": "584.10", "act_buy_price": "1.00", "act_sell_price": "1.00", "close": "590.40", "return_percentage": "0.00", "return_amt": "0.00", "user": 10, "day": "2024-08-26", "MAX_STOCK_FOUND": 10, "btst_return": "1.50", "bucket": "ALL", "tag": "", "HA_PROB": 0.0}, {"name": "rgt5adtc1", "symbol": "ELGIEQUIP", "stock_qty": 6666, "buy_price": "699.80", "act_buy_price": "1.00", "act_sell_price": "1.00", "close": "720.00", "return_percentage": "0.00", "return_amt": "0.00", "user": 10, "day": "2024-08-26", "MAX_STOCK_FOUND": 11, "btst_return": "1.01", "bucket": "ALL", "tag": "", "HA_PROB": 0.0}, {"name": "rgt5adtc1", "symbol": "ESCORTS", "stock_qty": 6666, "buy_price": "3900.20", "act_buy_price": "1.00", "act_sell_price": "1.00", "close": "3878.90", "return_percentage": "0.00", "return_amt": "0.00", "user": 10, "day": "2024-08-26", "MAX_STOCK_FOUND": 12, "btst_return": "0.63", "bucket": "ALL", "tag": "", "HA_PROB": 0.0}, {"name": "rgt5adtc1", "symbol": "EXPLEOSOL", "stock_qty": 6666, "buy_price": "1315.00", "act_buy_price": "1.00", "act_sell_price": "1.00", "close": "1365.70", "return_percentage": "0.00", "return_amt": "0.00", "user": 10, "day": "2024-08-26", "MAX_STOCK_FOUND": 13, "btst_return": "-1.22", "bucket": "ALL", "tag": "", "HA_PROB": 0.0}, {"name": "rgt5adtc1", "symbol": "FIEMIND", "stock_qty": 6666, "buy_price": "1579.00", "act_buy_price": "1.00", "act_sell_price": "1.00", "close": "1593.55", "return_percentage": "0.00", "return_amt": "0.00", "user": 10, "day": "2024-08-26", "MAX_STOCK_FOUND": 14, "btst_return": "0.93", "bucket": "ALL", "tag": "", "HA_PROB": 0.0}, {"name": "rgt5adtc1", "symbol": "GILLETTE", "stock_qty": 6666, "buy_price": "8600.00", "act_buy_price": "1.00", "act_sell_price": "1.00", "close": "8969.70", "return_percentage": "0.00", "return_amt": "0.00", "user": 10, "day": "2024-08-26", "MAX_STOCK_FOUND": 15, "btst_return": "1.70", "bucket": "ALL", "tag": "", "HA_PROB": 0.0}], "report": {"error": "No records found for the given name"}}, {"name": "rgt5adtc3", "description": "Rapid Growth 5 All", "date": "2024-08-26 23:07:47.778998", "direction": "BUY", "max_loss": "6", "max_profit": "2", "Anual_ret": "3.6775700", "stock": [{"name": "rgt5adtc3", "symbol": "TATACOMM", "stock_qty": 6666, "buy_price": "1915.50", "act_buy_price": "1.00", "act_sell_price": "1.00", "close": "1947.70", "return_percentage": "0.00", "return_amt": "0.00", "user": 10, "day": "2024-08-26", "MAX_STOCK_FOUND": 0, "btst_return": "0.45", "bucket": "ALL", "tag": "", "HA_PROB": 0.0}, {"name": "rgt5adtc3", "symbol": "TATACONSUM", "stock_qty": 6666, "buy_price": "1205.00", "act_buy_price": "1.00", "act_sell_price": "1.00", "close": "1220.05", "return_percentage": "0.00", "return_amt": "0.00", "user": 10, "day": "2024-08-26", "MAX_STOCK_FOUND": 1, "btst_return": "0.69", "bucket": "ALL", "tag": "", "HA_PROB": 0.0}, {"name": "rgt5adtc3", "symbol": "TEAMLEASE", "stock_qty": 6666, "buy_price": "3272.45", "act_buy_price": "1.00", "act_sell_price": "1.00", "close": "3228.50", "return_percentage": "0.00", "return_amt": "0.00", "user": 10, "day": "2024-08-26", "MAX_STOCK_FOUND": 2, "btst_return": "1.01", "bucket": "ALL", "tag": "", "HA_PROB": 0.0}, {"name": "rgt5adtc3", "symbol": "TIDEWATER", "stock_qty": 6666, "buy_price": "2691.05", "act_buy_price": "1.00", "act_sell_price": "1.00", "close": "2629.25", "return_percentage": "0.00", "return_amt": "0.00", "user": 10, "day": "2024-08-26", "MAX_STOCK_FOUND": 3, "btst_return": "1.01", "bucket": "ALL", "tag": "", "HA_PROB": 0.0}, {"name": "rgt5adtc3", "symbol": "TVSMOTOR", "stock_qty": 6666, "buy_price": "2781.70", "act_buy_price": "1.00", "act_sell_price": "1.00", "close": "2775.20", "return_percentage": "0.00", "return_amt": "0.00", "user": 10, "day": "2024-08-26", "MAX_STOCK_FOUND": 4, "btst_return": "0.53", "bucket": "ALL", "tag": "", "HA_PROB": 0.0}, {"name": "rgt5adtc3", "symbol": "WELENT", "stock_qty": 6666, "buy_price": "610.80", "act_buy_price": "1.00", "act_sell_price": "1.00", "close": "608.85", "return_percentage": "0.00", "return_amt": "0.00", "user": 10, "day": "2024-08-26", "MAX_STOCK_FOUND": 5, "btst_return": "1.59", "bucket": "ALL", "tag": "", "HA_PROB": 0.0}], "report": {"error": "No records found for the given name"}}, {"name": "rgt51kdtc3", "description": "Rapid Growth 5 Small Cap Basket ", "date": "2024-08-26 23:07:47.801615", "direction": "BUY", "max_loss": "4", "max_profit": "2", "Anual_ret": "-0.8621500", "stock": [{"name": "rgt51kdtc3", "symbol": "ARVINDFASN", "stock_qty": 6666, "buy_price": "510.95", "act_buy_price": "1.00", "act_sell_price": "1.00", "close": "519.15", "return_percentage": "0.00", "return_amt": "0.00", "user": 10, "day": "2024-08-26", "MAX_STOCK_FOUND": 0, "btst_return": "0.06", "bucket": "ALL", "tag": "", "HA_PROB": 0.0}, {"name": "rgt51kdtc3", "symbol": "AXISCADES", "stock_qty": 6666, "buy_price": "619.00", "act_buy_price": "1.00", "act_sell_price": "1.00", "close": "643.50", "return_percentage": "0.00", "return_amt": "0.00", "user": 10, "day": "2024-08-26", "MAX_STOCK_FOUND": 1, "btst_return": "1.23", "bucket": "ALL", "tag": "", "HA_PROB": 0.0}, {"name": "rgt51kdtc3", "symbol": "RAJRATAN", "stock_qty": 6666, "buy_price": "613.25", "act_buy_price": "1.00", "act_sell_price": "1.00", "close": "618.05", "return_percentage": "0.00", "return_amt": "0.00", "user": 10, "day": "2024-08-26", "MAX_STOCK_FOUND": 13, "btst_return": "0.02", "bucket": "ALL", "tag": "", "HA_PROB": 0.0}, {"name": "rgt51kdtc3", "symbol": "BESTAGRO", "stock_qty": 6666, "buy_price": "640.95", "act_buy_price": "1.00", "act_sell_price": "1.00", "close": "658.00", "return_percentage": "0.00", "return_amt": "0.00", "user": 10, "day": "2024-08-26", "MAX_STOCK_FOUND": 2, "btst_return": "1.55", "bucket": "ALL", "tag": "", "HA_PROB": 0.0}, {"name": "rgt51kdtc3", "symbol": "SHANTIGEAR", "stock_qty": 6666, "buy_price": "616.00", "act_buy_price": "1.00", "act_sell_price": "1.00", "close": "621.95", "return_percentage": "0.00", "return_amt": "0.00", "user": 10, "day": "2024-08-26", "MAX_STOCK_FOUND": 14, "btst_return": "0.04", "bucket": "ALL", "tag": "", "HA_PROB": 0.0}, {"name": "rgt51kdtc3", "symbol": "TATACOMM", "stock_qty": 6666, "buy_price": "1915.50", "act_buy_price": "1.00", "act_sell_price": "1.00", "close": "1947.70", "return_percentage": "0.00", "return_amt": "0.00", "user": 10, "day": "2024-08-26", "MAX_STOCK_FOUND": 15, "btst_return": "0.45", "bucket": "ALL", "tag": "", "HA_PROB": 0.0}, {"name": "rgt51kdtc3", "symbol": "GNA", "stock_qty": 6666, "buy_price": "440.75", "act_buy_price": "1.00", "act_sell_price": "1.00", "close": "439.25", "return_percentage": "0.00", "return_amt": "0.00", "user": 10, "day": "2024-08-26", "MAX_STOCK_FOUND": 3, "btst_return": "1.50", "bucket": "ALL", "tag": "", "HA_PROB": 0.0}, {"name": "rgt51kdtc3", "symbol": "GOCLCORP", "stock_qty": 6666, "buy_price": "482.80", "act_buy_price": "1.00", "act_sell_price": "1.00", "close": "488.20", "return_percentage": "0.00", "return_amt": "0.00", "user": 10, "day": "2024-08-26", "MAX_STOCK_FOUND": 4, "btst_return": "0.99", "bucket": "ALL", "tag": "", "HA_PROB": 0.0}, {"name": "rgt51kdtc3", "symbol": "ICICIBANK", "stock_qty": 6666, "buy_price": "1205.55", "act_buy_price": "1.00", "act_sell_price": "1.00", "close": "1213.30", "return_percentage": "0.00", "return_amt": "0.00", "user": 10, "day": "2024-08-26", "MAX_STOCK_FOUND": 5, "btst_return": "0.17", "bucket": "ALL", "tag": "", "HA_PROB": 0.0}, {"name": "rgt51kdtc3", "symbol": "INDHOTEL", "stock_qty": 6666, "buy_price": "643.80", "act_buy_price": "1.00", "act_sell_price": "1.00", "close": "661.60", "return_percentage": "0.00", "return_amt": "0.00", "user": 10, "day": "2024-08-26", "MAX_STOCK_FOUND": 6, "btst_return": "0.30", "bucket": "ALL", "tag": "", "HA_PROB": 0.0}, {"name": "rgt51kdtc3", "symbol": "JINDALSTEL", "stock_qty": 6666, "buy_price": "965.00", "act_buy_price": "1.00", "act_sell_price": "1.00", "close": "985.60", "return_percentage": "0.00", "return_amt": "0.00", "user": 10, "day": "2024-08-26", "MAX_STOCK_FOUND": 7, "btst_return": "0.54", "bucket": "ALL", "tag": "", "HA_PROB": 0.0}, {"name": "rgt51kdtc3", "symbol": "JKCEMENT", "stock_qty": 6666, "buy_price": "4400.00", "act_buy_price": "1.00", "act_sell_price": "1.00", "close": "4445.65", "return_percentage": "0.00", "return_amt": "0.00", "user": 10, "day": "2024-08-26", "MAX_STOCK_FOUND": 8, "btst_return": "0.15", "bucket": "ALL", "tag": "", "HA_PROB": 0.0}, {"name": "rgt51kdtc3", "symbol": "JSWSTEEL", "stock_qty": 6666, "buy_price": "945.50", "act_buy_price": "1.00", "act_sell_price": "1.00", "close": "963.50", "return_percentage": "0.00", "return_amt": "0.00", "user": 10, "day": "2024-08-26", "MAX_STOCK_FOUND": 9, "btst_return": "0.47", "bucket": "ALL", "tag": "", "HA_PROB": 0.0}, {"name": "rgt51kdtc3", "symbol": "KOLTEPATIL", "stock_qty": 6666, "buy_price": "410.40", "act_buy_price": "1.00", "act_sell_price": "1.00", "close": "431.15", "return_percentage": "0.00", "return_amt": "0.00", "user": 10, "day": "2024-08-26", "MAX_STOCK_FOUND": 10, "btst_return": "0.67", "bucket": "ALL", "tag": "", "HA_PROB": 0.0}, {"name": "rgt51kdtc3", "symbol": "MAHSEAMLES", "stock_qty": 6666, "buy_price": "664.90", "act_buy_price": "1.00", "act_sell_price": "1.00", "close": "669.70", "return_percentage": "0.00", "return_amt": "0.00", "user": 10, "day": "2024-08-26", "MAX_STOCK_FOUND": 11, "btst_return": "1.41", "bucket": "ALL", "tag": "", "HA_PROB": 0.0}, {"name": "rgt51kdtc3", "symbol": "PLASTIBLEN", "stock_qty": 6666, "buy_price": "322.60", "act_buy_price": "1.00", "act_sell_price": "1.00", "close": "321.00", "return_percentage": "0.00", "return_amt": "0.00", "user": 10, "day": "2024-08-26", "MAX_STOCK_FOUND": 12, "btst_return": "0.89", "bucket": "ALL", "tag": "", "HA_PROB": 0.0}], "report": {"error": "No records found for the given name"}}, {"name": "rgt6adtc1", "description": "Rapid Growth 6 All", "date": "2024-08-26 23:07:47.814994", "direction": "SELL", "max_loss": "2", "max_profit": "2", "Anual_ret": "0.5371500", "stock": [{"name": "rgt6adtc1", "symbol": "SWARAJENG", "stock_qty": 6666, "buy_price": "3204.85", "act_buy_price": "1.00", "act_sell_price": "1.00", "close": "3345.20", "return_percentage": "0.00", "return_amt": "0.00", "user": 10, "day": "2024-08-26", "MAX_STOCK_FOUND": 0, "btst_return": "1.98", "bucket": "ALL", "tag": "", "HA_PROB": 0.0}, {"name": "rgt6adtc1", "symbol": "TIDEWATER", "stock_qty": 6666, "buy_price": "2691.05", "act_buy_price": "1.00", "act_sell_price": "1.00", "close": "2629.25", "return_percentage": "0.00", "return_amt": "0.00", "user": 10, "day": "2024-08-26", "MAX_STOCK_FOUND": 1, "btst_return": "1.01", "bucket": "ALL", "tag": "", "HA_PROB": 0.0}, {"name": "rgt6adtc1", "symbol": "TVSMOTOR", "stock_qty": 6666, "buy_price": "2781.70", "act_buy_price": "1.00", "act_sell_price": "1.00", "close": "2775.20", "return_percentage": "0.00", "return_amt": "0.00", "user": 10, "day": "2024-08-26", "MAX_STOCK_FOUND": 2, "btst_return": "0.53", "bucket": "ALL", "tag": "", "HA_PROB": 0.0}, {"name": "rgt6adtc1", "symbol": "WELENT", "stock_qty": 6666, "buy_price": "610.80", "act_buy_price": "1.00", "act_sell_price": "1.00", "close": "608.85", "return_percentage": "0.00", "return_amt": "0.00", "user": 10, "day": "2024-08-26", "MAX_STOCK_FOUND": 3, "btst_return": "1.59", "bucket": "ALL", "tag": "", "HA_PROB": 0.0}], "report": {"error": "No records found for the given name"}}, {"name": "rgt6adtc3", "description": "Rapid Growth 6 All", "date": "2024-08-26 23:07:47.853844", "direction": "BUY", "max_loss": "2", "max_profit": "2", "Anual_ret": "0.2617900", "stock": [{"name": "rgt6adtc3", "symbol": "AARTIDRUGS", "stock_qty": 6666, "buy_price": "565.10", "act_buy_price": "1.00", "act_sell_price": "1.00", "close": "604.75", "return_percentage": "0.00", "return_amt": "0.00", "user": 10, "day": "2024-08-26", "MAX_STOCK_FOUND": 0, "btst_return": "0.21", "bucket": "ALL", "tag": "", "HA_PROB": 0.0}, {"name": "rgt6adtc3", "symbol": "AHL", "stock_qty": 6666, "buy_price": "605.00", "act_buy_price": "1.00", "act_sell_price": "1.00", "close": "607.35", "return_percentage": "0.00", "return_amt": "0.00", "user": 10, "day": "2024-08-26", "MAX_STOCK_FOUND": 1, "btst_return": "0.90", "bucket": "ALL", "tag": "", "HA_PROB": 0.0}, {"name": "rgt6adtc3", "symbol": "ALBERTDAVD", "stock_qty": 6666, "buy_price": "1580.00", "act_buy_price": "1.00", "act_sell_price": "1.00", "close": "1537.20", "return_percentage": "0.00", "return_amt": "0.00", "user": 10, "day": "2024-08-26", "MAX_STOCK_FOUND": 2, "btst_return": "9.12", "bucket": "ALL", "tag": "", "HA_PROB": 0.0}, {"name": "rgt6adtc3", "symbol": "ASIANENE", "stock_qty": 6666, "buy_price": "418.75", "act_buy_price": "1.00", "act_sell_price": "1.00", "close": "423.00", "return_percentage": "0.00", "return_amt": "0.00", "user": 10, "day": "2024-08-26", "MAX_STOCK_FOUND": 3, "btst_return": "3.93", "bucket": "ALL", "tag": "", "HA_PROB": 0.0}, {"name": "rgt6adtc3", "symbol": "BAJAJ-AUTO", "stock_qty": 6666, "buy_price": "10375.10", "act_buy_price": "1.00", "act_sell_price": "1.00", "close": "10432.55", "return_percentage": "0.00", "return_amt": "0.00", "user": 10, "day": "2024-08-26", "MAX_STOCK_FOUND": 4, "btst_return": "-0.30", "bucket": "ALL", "tag": "", "HA_PROB": 0.0}, {"name": "rgt6adtc3", "symbol": "BECTORFOOD", "stock_qty": 6666, "buy_price": "1544.65", "act_buy_price": "1.00", "act_sell_price": "1.00", "close": "1599.40", "return_percentage": "0.00", "return_amt": "0.00", "user": 10, "day": "2024-08-26", "MAX_STOCK_FOUND": 5, "btst_return": "0.24", "bucket": "ALL", "tag": "", "HA_PROB": 0.0}, {"name": "rgt6adtc3", "symbol": "BLS", "stock_qty": 6666, "buy_price": "401.00", "act_buy_price": "1.00", "act_sell_price": "1.00", "close": "425.60", "return_percentage": "0.00", "return_amt": "0.00", "user": 10, "day": "2024-08-26", "MAX_STOCK_FOUND": 6, "btst_return": "0.97", "bucket": "ALL", "tag": "", "HA_PROB": 0.0}, {"name": "rgt6adtc3", "symbol": "BUTTERFLY", "stock_qty": 6666, "buy_price": "877.10", "act_buy_price": "1.00", "act_sell_price": "1.00", "close": "958.05", "return_percentage": "0.00", "return_amt": "0.00", "user": 10, "day": "2024-08-26", "MAX_STOCK_FOUND": 7, "btst_return": "-0.72", "bucket": "ALL", "tag": "", "HA_PROB": 0.0}, {"name": "rgt6adtc3", "symbol": "CENTURYPLY", "stock_qty": 6666, "buy_price": "756.70", "act_buy_price": "1.00", "act_sell_price": "1.00", "close": "788.10", "return_percentage": "0.00", "return_amt": "0.00", "user": 10, "day": "2024-08-26", "MAX_STOCK_FOUND": 8, "btst_return": "0.25", "bucket": "ALL", "tag": "", "HA_PROB": 0.0}, {"name": "rgt6adtc3", "symbol": "FIEMIND", "stock_qty": 6666, "buy_price": "1579.00", "act_buy_price": "1.00", "act_sell_price": "1.00", "close": "1593.55", "return_percentage": "0.00", "return_amt": "0.00", "user": 10, "day": "2024-08-26", "MAX_STOCK_FOUND": 9, "btst_return": "0.93", "bucket": "ALL", "tag": "", "HA_PROB": 0.0}, {"name": "rgt6adtc3", "symbol": "GILLETTE", "stock_qty": 6666, "buy_price": "8600.00", "act_buy_price": "1.00", "act_sell_price": "1.00", "close": "8969.70", "return_percentage": "0.00", "return_amt": "0.00", "user": 10, "day": "2024-08-26", "MAX_STOCK_FOUND": 10, "btst_return": "1.70", "bucket": "ALL", "tag": "", "HA_PROB": 0.0}, {"name": "rgt6adtc3", "symbol": "GSPL", "stock_qty": 6666, "buy_price": "344.90", "act_buy_price": "1.00", "act_sell_price": "1.00", "close": "376.95", "return_percentage": "0.00", "return_amt": "0.00", "user": 10, "day": "2024-08-26", "MAX_STOCK_FOUND": 11, "btst_return": "1.86", "bucket": "ALL", "tag": "", "HA_PROB": 0.0}, {"name": "rgt6adtc3", "symbol": "HARIOMPIPE", "stock_qty": 6666, "buy_price": "833.00", "act_buy_price": "1.00", "act_sell_price": "1.00", "close": "868.70", "return_percentage": "0.00", "return_amt": "0.00", "user": 10, "day": "2024-08-26", "MAX_STOCK_FOUND": 12, "btst_return": "1.57", "bucket": "ALL", "tag": "", "HA_PROB": 0.0}, {"name": "rgt6adtc3", "symbol": "HCG", "stock_qty": 6666, "buy_price": "388.90", "act_buy_price": "1.00", "act_sell_price": "1.00", "close": "398.75", "return_percentage": "0.00", "return_amt": "0.00", "user": 10, "day": "2024-08-26", "MAX_STOCK_FOUND": 13, "btst_return": "1.36", "bucket": "ALL", "tag": "", "HA_PROB": 0.0}, {"name": "rgt6adtc3", "symbol": "IGARASHI", "stock_qty": 6666, "buy_price": "719.00", "act_buy_price": "1.00", "act_sell_price": "1.00", "close": "747.10", "return_percentage": "0.00", "return_amt": "0.00", "user": 10, "day": "2024-08-26", "MAX_STOCK_FOUND": 14, "btst_return": "2.01", "bucket": "ALL", "tag": "", "HA_PROB": 0.0}, {"name": "rgt6adtc3", "symbol": "INDIGO", "stock_qty": 6666, "buy_price": "4718.00", "act_buy_price": "1.00", "act_sell_price": "1.00", "close": "4720.10", "return_percentage": "0.00", "return_amt": "0.00", "user": 10, "day": "2024-08-26", "MAX_STOCK_FOUND": 15, "btst_return": "0.16", "bucket": "ALL", "tag": "", "HA_PROB": 0.0}], "report": {"error": "No records found for the given name"}}, {"name": "scho60LT", "description": "Stable Growth 6 L", "date": "2024-08-26 23:07:47.886054", "direction": "BUY", "max_loss": "2", "max_profit": "2", "Anual_ret": "-0.4696900", "stock": [{"name": "scho60LT", "symbol": "ADANIPOWER", "stock_qty": 6666, "buy_price": "674.50", "act_buy_price": "1.00", "act_sell_price": "1.00", "close": "661.30", "return_percentage": "0.00", "return_amt": "0.00", "user": 10, "day": "2024-08-26", "MAX_STOCK_FOUND": 0, "btst_return": "-0.19", "bucket": "ALL", "tag": "", "HA_PROB": 0.0}, {"name": "scho60LT", "symbol": "AHL", "stock_qty": 6666, "buy_price": "605.00", "act_buy_price": "1.00", "act_sell_price": "1.00", "close": "607.35", "return_percentage": "0.00", "return_amt": "0.00", "user": 10, "day": "2024-08-26", "MAX_STOCK_FOUND": 1, "btst_return": "0.90", "bucket": "ALL", "tag": "", "HA_PROB": 0.0}, {"name": "scho60LT", "symbol": "ASHAPURMIN", "stock_qty": 6666, "buy_price": "329.80", "act_buy_price": "1.00", "act_sell_price": "1.00", "close": "326.85", "return_percentage": "0.00", "return_amt": "0.00", "user": 10, "day": "2024-08-26", "MAX_STOCK_FOUND": 2, "btst_return": "1.49", "bucket": "ALL", "tag": "", "HA_PROB": 0.0}, {"name": "scho60LT", "symbol": "CDSL", "stock_qty": 6666, "buy_price": "1600.00", "act_buy_price": "1.00", "act_sell_price": "1.00", "close": "1539.10", "return_percentage": "0.00", "return_amt": "0.00", "user": 10, "day": "2024-08-26", "MAX_STOCK_FOUND": 3, "btst_return": "2.01", "bucket": "ALL", "tag": "", "HA_PROB": 0.0}, {"name": "scho60LT", "symbol": "DHUNINV", "stock_qty": 6666, "buy_price": "1576.25", "act_buy_price": "1.00", "act_sell_price": "1.00", "close": "1619.90", "return_percentage": "0.00", "return_amt": "0.00", "user": 10, "day": "2024-08-26", "MAX_STOCK_FOUND": 4, "btst_return": "1.50", "bucket": "ALL", "tag": "", "HA_PROB": 0.0}, {"name": "scho60LT", "symbol": "GESHIP", "stock_qty": 6666, "buy_price": "1325.05", "act_buy_price": "1.00", "act_sell_price": "1.00", "close": "1275.95", "return_percentage": "0.00", "return_amt": "0.00", "user": 10, "day": "2024-08-26", "MAX_STOCK_FOUND": 5, "btst_return": "0.58", "bucket": "ALL", "tag": "", "HA_PROB": 0.0}, {"name": "scho60LT", "symbol": "GOCOLORS", "stock_qty": 6666, "buy_price": "1149.80", "act_buy_price": "1.00", "act_sell_price": "1.00", "close": "1199.80", "return_percentage": "0.00", "return_amt": "0.00", "user": 10, "day": "2024-08-26", "MAX_STOCK_FOUND": 6, "btst_return": "0.72", "bucket": "ALL", "tag": "", "HA_PROB": 0.0}, {"name": "scho60LT", "symbol": "GRINFRA", "stock_qty": 6666, "buy_price": "1565.10", "act_buy_price": "1.00", "act_sell_price": "1.00", "close": "1546.05", "return_percentage": "0.00", "return_amt": "0.00", "user": 10, "day": "2024-08-26", "MAX_STOCK_FOUND": 7, "btst_return": "-0.23", "bucket": "ALL", "tag": "", "HA_PROB": 0.0}, {"name": "scho60LT", "symbol": "IGL", "stock_qty": 6666, "buy_price": "528.00", "act_buy_price": "1.00", "act_sell_price": "1.00", "close": "525.15", "return_percentage": "0.00", "return_amt": "0.00", "user": 10, "day": "2024-08-26", "MAX_STOCK_FOUND": 8, "btst_return": "0.75", "bucket": "ALL", "tag": "", "HA_PROB": 0.0}, {"name": "scho60LT", "symbol": "INDIANHUME", "stock_qty": 6666, "buy_price": "534.20", "act_buy_price": "1.00", "act_sell_price": "1.00", "close": "539.35", "return_percentage": "0.00", "return_amt": "0.00", "user": 10, "day": "2024-08-26", "MAX_STOCK_FOUND": 9, "btst_return": "0.51", "bucket": "ALL", "tag": "", "HA_PROB": 0.0}, {"name": "scho60LT", "symbol": "KAMDHENU", "stock_qty": 6666, "buy_price": "481.85", "act_buy_price": "1.00", "act_sell_price": "1.00", "close": "551.75", "return_percentage": "0.00", "return_amt": "0.00", "user": 10, "day": "2024-08-26", "MAX_STOCK_FOUND": 10, "btst_return": "0.00", "bucket": "ALL", "tag": "", "HA_PROB": 0.0}, {"name": "scho60LT", "symbol": "KEC", "stock_qty": 6666, "buy_price": "888.00", "act_buy_price": "1.00", "act_sell_price": "1.00", "close": "854.05", "return_percentage": "0.00", "return_amt": "0.00", "user": 10, "day": "2024-08-26", "MAX_STOCK_FOUND": 11, "btst_return": "5.73", "bucket": "ALL", "tag": "", "HA_PROB": 0.0}, {"name": "scho60LT", "symbol": "MAPMYINDIA", "stock_qty": 6666, "buy_price": "2152.00", "act_buy_price": "1.00", "act_sell_price": "1.00", "close": "2088.50", "return_percentage": "0.00", "return_amt": "0.00", "user": 10, "day": "2024-08-26", "MAX_STOCK_FOUND": 12, "btst_return": "0.53", "bucket": "ALL", "tag": "", "HA_PROB": 0.0}, {"name": "scho60LT", "symbol": "MAXHEALTH", "stock_qty": 6666, "buy_price": "853.85", "act_buy_price": "1.00", "act_sell_price": "1.00", "close": "860.85", "return_percentage": "0.00", "return_amt": "0.00", "user": 10, "day": "2024-08-26", "MAX_STOCK_FOUND": 13, "btst_return": "0.11", "bucket": "ALL", "tag": "", "HA_PROB": 0.0}, {"name": "scho60LT", "symbol": "MOLDTKPAC", "stock_qty": 6666, "buy_price": "785.00", "act_buy_price": "1.00", "act_sell_price": "1.00", "close": "783.60", "return_percentage": "0.00", "return_amt": "0.00", "user": 10, "day": "2024-08-26", "MAX_STOCK_FOUND": 14, "btst_return": "0.98", "bucket": "ALL", "tag": "", "HA_PROB": 0.0}, {"name": "scho60LT", "symbol": "NGLFINE", "stock_qty": 6666, "buy_price": "2255.45", "act_buy_price": "1.00", "act_sell_price": "1.00", "close": "2166.90", "return_percentage": "0.00", "return_amt": "0.00", "user": 10, "day": "2024-08-26", "MAX_STOCK_FOUND": 15, "btst_return": "0.00", "bucket": "ALL", "tag": "", "HA_PROB": 0.0}], "report": {"error": "No records found for the given name"}}, {"name": "scho70LT", "description": "Stable Growth 7 L", "date": "2024-08-26 23:07:47.903056", "direction": "BUY", "max_loss": "2", "max_profit": "2", "Anual_ret": "0.3362800", "stock": [{"name": "scho70LT", "symbol": "AHL", "stock_qty": 6666, "buy_price": "605.00", "act_buy_price": "1.00", "act_sell_price": "1.00", "close": "607.35", "return_percentage": "0.00", "return_amt": "0.00", "user": 10, "day": "2024-08-26", "MAX_STOCK_FOUND": 0, "btst_return": "0.90", "bucket": "ALL", "tag": "", "HA_PROB": 0.0}, {"name": "scho70LT", "symbol": "BLS", "stock_qty": 6666, "buy_price": "401.00", "act_buy_price": "1.00", "act_sell_price": "1.00", "close": "425.60", "return_percentage": "0.00", "return_amt": "0.00", "user": 10, "day": "2024-08-26", "MAX_STOCK_FOUND": 1, "btst_return": "0.97", "bucket": "ALL", "tag": "", "HA_PROB": 0.0}, {"name": "scho70LT", "symbol": "CHALET", "stock_qty": 6666, "buy_price": "800.05", "act_buy_price": "1.00", "act_sell_price": "1.00", "close": "824.35", "return_percentage": "0.00", "return_amt": "0.00", "user": 10, "day": "2024-08-26", "MAX_STOCK_FOUND": 2, "btst_return": "0.40", "bucket": "ALL", "tag": "", "HA_PROB": 0.0}, {"name": "scho70LT", "symbol": "GOCOLORS", "stock_qty": 6666, "buy_price": "1149.80", "act_buy_price": "1.00", "act_sell_price": "1.00", "close": "1199.80", "return_percentage": "0.00", "return_amt": "0.00", "user": 10, "day": "2024-08-26", "MAX_STOCK_FOUND": 3, "btst_return": "0.72", "bucket": "ALL", "tag": "", "HA_PROB": 0.0}, {"name": "scho70LT", "symbol": "HOMEFIRST", "stock_qty": 6666, "buy_price": "1069.85", "act_buy_price": "1.00", "act_sell_price": "1.00", "close": "1092.75", "return_percentage": "0.00", "return_amt": "0.00", "user": 10, "day": "2024-08-26", "MAX_STOCK_FOUND": 4, "btst_return": "1.50", "bucket": "ALL", "tag": "", "HA_PROB": 0.0}, {"name": "scho70LT", "symbol": "INDIANHUME", "stock_qty": 6666, "buy_price": "534.20", "act_buy_price": "1.00", "act_sell_price": "1.00", "close": "539.35", "return_percentage": "0.00", "return_amt": "0.00", "user": 10, "day": "2024-08-26", "MAX_STOCK_FOUND": 5, "btst_return": "0.51", "bucket": "ALL", "tag": "", "HA_PROB": 0.0}, {"name": "scho70LT", "symbol": "KABRAEXTRU", "stock_qty": 6666, "buy_price": "402.70", "act_buy_price": "1.00", "act_sell_price": "1.00", "close": "432.60", "return_percentage": "0.00", "return_amt": "0.00", "user": 10, "day": "2024-08-26", "MAX_STOCK_FOUND": 6, "btst_return": "0.49", "bucket": "ALL", "tag": "", "HA_PROB": 0.0}, {"name": "scho70LT", "symbol": "RAILTEL", "stock_qty": 6666, "buy_price": "500.00", "act_buy_price": "1.00", "act_sell_price": "1.00", "close": "503.10", "return_percentage": "0.00", "return_amt": "0.00", "user": 10, "day": "2024-08-26", "MAX_STOCK_FOUND": 7, "btst_return": "0.54", "bucket": "ALL", "tag": "", "HA_PROB": 0.0}, {"name": "scho70LT", "symbol": "ROSSARI", "stock_qty": 6666, "buy_price": "923.00", "act_buy_price": "1.00", "act_sell_price": "1.00", "close": "941.80", "return_percentage": "0.00", "return_amt": "0.00", "user": 10, "day": "2024-08-26", "MAX_STOCK_FOUND": 8, "btst_return": "1.09", "bucket": "ALL", "tag": "", "HA_PROB": 0.0}], "report": {"error": "No records found for the given name"}}, {"name": "scho80LT", "description": "Stable Growth 8 L", "date": "2024-08-26 23:07:47.929056", "direction": "BUY", "max_loss": "3", "max_profit": "2", "Anual_ret": "-0.2128500", "stock": [{"name": "scho80LT", "symbol": "ARVINDFASN", "stock_qty": 6666, "buy_price": "510.95", "act_buy_price": "1.00", "act_sell_price": "1.00", "close": "519.15", "return_percentage": "0.00", "return_amt": "0.00", "user": 10, "day": "2024-08-26", "MAX_STOCK_FOUND": 0, "btst_return": "0.06", "bucket": "ALL", "tag": "", "HA_PROB": 0.0}, {"name": "scho80LT", "symbol": "CENTURYTEX", "stock_qty": 6666, "buy_price": "2365.00", "act_buy_price": "1.00", "act_sell_price": "1.00", "close": "2376.35", "return_percentage": "0.00", "return_amt": "0.00", "user": 10, "day": "2024-08-26", "MAX_STOCK_FOUND": 1, "btst_return": "0.62", "bucket": "ALL", "tag": "", "HA_PROB": 0.0}, {"name": "scho80LT", "symbol": "ELGIEQUIP", "stock_qty": 6666, "buy_price": "699.80", "act_buy_price": "1.00", "act_sell_price": "1.00", "close": "720.00", "return_percentage": "0.00", "return_amt": "0.00", "user": 10, "day": "2024-08-26", "MAX_STOCK_FOUND": 2, "btst_return": "1.01", "bucket": "ALL", "tag": "", "HA_PROB": 0.0}, {"name": "scho80LT", "symbol": "EXPLEOSOL", "stock_qty": 6666, "buy_price": "1315.00", "act_buy_price": "1.00", "act_sell_price": "1.00", "close": "1365.70", "return_percentage": "0.00", "return_amt": "0.00", "user": 10, "day": "2024-08-26", "MAX_STOCK_FOUND": 3, "btst_return": "-1.22", "bucket": "ALL", "tag": "", "HA_PROB": 0.0}, {"name": "scho80LT", "symbol": "HOMEFIRST", "stock_qty": 6666, "buy_price": "1069.85", "act_buy_price": "1.00", "act_sell_price": "1.00", "close": "1092.75", "return_percentage": "0.00", "return_amt": "0.00", "user": 10, "day": "2024-08-26", "MAX_STOCK_FOUND": 4, "btst_return": "1.50", "bucket": "ALL", "tag": "", "HA_PROB": 0.0}, {"name": "scho80LT", "symbol": "ICIL", "stock_qty": 6666, "buy_price": "416.75", "act_buy_price": "1.00", "act_sell_price": "1.00", "close": "407.70", "return_percentage": "0.00", "return_amt": "0.00", "user": 10, "day": "2024-08-26", "MAX_STOCK_FOUND": 5, "btst_return": "0.23", "bucket": "ALL", "tag": "", "HA_PROB": 0.0}, {"name": "scho80LT", "symbol": "IGARASHI", "stock_qty": 6666, "buy_price": "719.00", "act_buy_price": "1.00", "act_sell_price": "1.00", "close": "747.10", "return_percentage": "0.00", "return_amt": "0.00", "user": 10, "day": "2024-08-26", "MAX_STOCK_FOUND": 6, "btst_return": "2.01", "bucket": "ALL", "tag": "", "HA_PROB": 0.0}, {"name": "scho80LT", "symbol": "INDIANHUME", "stock_qty": 6666, "buy_price": "534.20", "act_buy_price": "1.00", "act_sell_price": "1.00", "close": "539.35", "return_percentage": "0.00", "return_amt": "0.00", "user": 10, "day": "2024-08-26", "MAX_STOCK_FOUND": 7, "btst_return": "0.51", "bucket": "ALL", "tag": "", "HA_PROB": 0.0}, {"name": "scho80LT", "symbol": "IONEXCHANG", "stock_qty": 6666, "buy_price": "730.00", "act_buy_price": "1.00", "act_sell_price": "1.00", "close": "718.50", "return_percentage": "0.00", "return_amt": "0.00", "user": 10, "day": "2024-08-26", "MAX_STOCK_FOUND": 8, "btst_return": "1.31", "bucket": "ALL", "tag": "", "HA_PROB": 0.0}, {"name": "scho80LT", "symbol": "JAGSNPHARM", "stock_qty": 6666, "buy_price": "379.60", "act_buy_price": "1.00", "act_sell_price": "1.00", "close": "410.75", "return_percentage": "0.00", "return_amt": "0.00", "user": 10, "day": "2024-08-26", "MAX_STOCK_FOUND": 9, "btst_return": "0.29", "bucket": "ALL", "tag": "", "HA_PROB": 0.0}, {"name": "scho80LT", "symbol": "JINDALPHOT", "stock_qty": 6666, "buy_price": "915.00", "act_buy_price": "1.00", "act_sell_price": "1.00", "close": "879.25", "return_percentage": "0.00", "return_amt": "0.00", "user": 10, "day": "2024-08-26", "MAX_STOCK_FOUND": 10, "btst_return": "1.02", "bucket": "ALL", "tag": "", "HA_PROB": 0.0}, {"name": "scho80LT", "symbol": "KABRAEXTRU", "stock_qty": 6666, "buy_price": "402.70", "act_buy_price": "1.00", "act_sell_price": "1.00", "close": "432.60", "return_percentage": "0.00", "return_amt": "0.00", "user": 10, "day": "2024-08-26", "MAX_STOCK_FOUND": 11, "btst_return": "0.49", "bucket": "ALL", "tag": "", "HA_PROB": 0.0}, {"name": "scho80LT", "symbol": "PGIL", "stock_qty": 6666, "buy_price": "1059.40", "act_buy_price": "1.00", "act_sell_price": "1.00", "close": "1051.05", "return_percentage": "0.00", "return_amt": "0.00", "user": 10, "day": "2024-08-26", "MAX_STOCK_FOUND": 12, "btst_return": "1.39", "bucket": "ALL", "tag": "", "HA_PROB": 0.0}, {"name": "scho80LT", "symbol": "PLASTIBLEN", "stock_qty": 6666, "buy_price": "322.60", "act_buy_price": "1.00", "act_sell_price": "1.00", "close": "321.00", "return_percentage": "0.00", "return_amt": "0.00", "user": 10, "day": "2024-08-26", "MAX_STOCK_FOUND": 13, "btst_return": "0.89", "bucket": "ALL", "tag": "", "HA_PROB": 0.0}, {"name": "scho80LT", "symbol": "RADICO", "stock_qty": 6666, "buy_price": "1880.00", "act_buy_price": "1.00", "act_sell_price": "1.00", "close": "1832.65", "return_percentage": "0.00", "return_amt": "0.00", "user": 10, "day": "2024-08-26", "MAX_STOCK_FOUND": 14, "btst_return": "1.93", "bucket": "ALL", "tag": "", "HA_PROB": 0.0}, {"name": "scho80LT", "symbol": "RAILTEL", "stock_qty": 6666, "buy_price": "500.00", "act_buy_price": "1.00", "act_sell_price": "1.00", "close": "503.10", "return_percentage": "0.00", "return_amt": "0.00", "user": 10, "day": "2024-08-26", "MAX_STOCK_FOUND": 15, "btst_return": "0.54", "bucket": "ALL", "tag": "", "HA_PROB": 0.0}], "report": {"error": "No records found for the given name"}}, {"name": "scho90LT", "description": "Stable Growth 9 L", "date": "2024-08-26 23:07:47.951055", "direction": "BUY", "max_loss": "4", "max_profit": "2", "Anual_ret": "0.9733500", "stock": [{"name": "scho90LT", "symbol": "BESTAGRO", "stock_qty": 6666, "buy_price": "640.95", "act_buy_price": "1.00", "act_sell_price": "1.00", "close": "658.00", "return_percentage": "0.00", "return_amt": "0.00", "user": 10, "day": "2024-08-26", "MAX_STOCK_FOUND": 0, "btst_return": "1.55", "bucket": "ALL", "tag": "", "HA_PROB": 0.0}, {"name": "scho90LT", "symbol": "BHARTIARTL", "stock_qty": 6666, "buy_price": "1509.00", "act_buy_price": "1.00", "act_sell_price": "1.00", "close": "1513.55", "return_percentage": "0.00", "return_amt": "0.00", "user": 10, "day": "2024-08-26", "MAX_STOCK_FOUND": 1, "btst_return": "0.15", "bucket": "ALL", "tag": "", "HA_PROB": 0.0}, {"name": "scho90LT", "symbol": "DYCL", "stock_qty": 6666, "buy_price": "584.10", "act_buy_price": "1.00", "act_sell_price": "1.00", "close": "590.40", "return_percentage": "0.00", "return_amt": "0.00", "user": 10, "day": "2024-08-26", "MAX_STOCK_FOUND": 2, "btst_return": "1.50", "bucket": "ALL", "tag": "", "HA_PROB": 0.0}, {"name": "scho90LT", "symbol": "ESCORTS", "stock_qty": 6666, "buy_price": "3900.20", "act_buy_price": "1.00", "act_sell_price": "1.00", "close": "3878.90", "return_percentage": "0.00", "return_amt": "0.00", "user": 10, "day": "2024-08-26", "MAX_STOCK_FOUND": 3, "btst_return": "0.63", "bucket": "ALL", "tag": "", "HA_PROB": 0.0}, {"name": "scho90LT", "symbol": "GNA", "stock_qty": 6666, "buy_price": "440.75", "act_buy_price": "1.00", "act_sell_price": "1.00", "close": "439.25", "return_percentage": "0.00", "return_amt": "0.00", "user": 10, "day": "2024-08-26", "MAX_STOCK_FOUND": 4, "btst_return": "1.50", "bucket": "ALL", "tag": "", "HA_PROB": 0.0}, {"name": "scho90LT", "symbol": "GOCLCORP", "stock_qty": 6666, "buy_price": "482.80", "act_buy_price": "1.00", "act_sell_price": "1.00", "close": "488.20", "return_percentage": "0.00", "return_amt": "0.00", "user": 10, "day": "2024-08-26", "MAX_STOCK_FOUND": 5, "btst_return": "0.99", "bucket": "ALL", "tag": "", "HA_PROB": 0.0}, {"name": "scho90LT", "symbol": "HOMEFIRST", "stock_qty": 6666, "buy_price": "1069.85", "act_buy_price": "1.00", "act_sell_price": "1.00", "close": "1092.75", "return_percentage": "0.00", "return_amt": "0.00", "user": 10, "day": "2024-08-26", "MAX_STOCK_FOUND": 6, "btst_return": "1.50", "bucket": "ALL", "tag": "", "HA_PROB": 0.0}, {"name": "scho90LT", "symbol": "ICIL", "stock_qty": 6666, "buy_price": "416.75", "act_buy_price": "1.00", "act_sell_price": "1.00", "close": "407.70", "return_percentage": "0.00", "return_amt": "0.00", "user": 10, "day": "2024-08-26", "MAX_STOCK_FOUND": 7, "btst_return": "0.23", "bucket": "ALL", "tag": "", "HA_PROB": 0.0}, {"name": "scho90LT", "symbol": "INDHOTEL", "stock_qty": 6666, "buy_price": "643.80", "act_buy_price": "1.00", "act_sell_price": "1.00", "close": "661.60", "return_percentage": "0.00", "return_amt": "0.00", "user": 10, "day": "2024-08-26", "MAX_STOCK_FOUND": 8, "btst_return": "0.30", "bucket": "ALL", "tag": "", "HA_PROB": 0.0}, {"name": "scho90LT", "symbol": "IONEXCHANG", "stock_qty": 6666, "buy_price": "730.00", "act_buy_price": "1.00", "act_sell_price": "1.00", "close": "718.50", "return_percentage": "0.00", "return_amt": "0.00", "user": 10, "day": "2024-08-26", "MAX_STOCK_FOUND": 9, "btst_return": "1.31", "bucket": "ALL", "tag": "", "HA_PROB": 0.0}, {"name": "scho90LT", "symbol": "JINDALPHOT", "stock_qty": 6666, "buy_price": "915.00", "act_buy_price": "1.00", "act_sell_price": "1.00", "close": "879.25", "return_percentage": "0.00", "return_amt": "0.00", "user": 10, "day": "2024-08-26", "MAX_STOCK_FOUND": 10, "btst_return": "1.02", "bucket": "ALL", "tag": "", "HA_PROB": 0.0}, {"name": "scho90LT", "symbol": "JINDALSTEL", "stock_qty": 6666, "buy_price": "965.00", "act_buy_price": "1.00", "act_sell_price": "1.00", "close": "985.60", "return_percentage": "0.00", "return_amt": "0.00", "user": 10, "day": "2024-08-26", "MAX_STOCK_FOUND": 11, "btst_return": "0.54", "bucket": "ALL", "tag": "", "HA_PROB": 0.0}, {"name": "scho90LT", "symbol": "JKCEMENT", "stock_qty": 6666, "buy_price": "4400.00", "act_buy_price": "1.00", "act_sell_price": "1.00", "close": "4445.65", "return_percentage": "0.00", "return_amt": "0.00", "user": 10, "day": "2024-08-26", "MAX_STOCK_FOUND": 12, "btst_return": "0.15", "bucket": "ALL", "tag": "", "HA_PROB": 0.0}, {"name": "scho90LT", "symbol": "KABRAEXTRU", "stock_qty": 6666, "buy_price": "402.70", "act_buy_price": "1.00", "act_sell_price": "1.00", "close": "432.60", "return_percentage": "0.00", "return_amt": "0.00", "user": 10, "day": "2024-08-26", "MAX_STOCK_FOUND": 13, "btst_return": "0.49", "bucket": "ALL", "tag": "", "HA_PROB": 0.0}, {"name": "scho90LT", "symbol": "MAHSEAMLES", "stock_qty": 6666, "buy_price": "664.90", "act_buy_price": "1.00", "act_sell_price": "1.00", "close": "669.70", "return_percentage": "0.00", "return_amt": "0.00", "user": 10, "day": "2024-08-26", "MAX_STOCK_FOUND": 14, "btst_return": "1.41", "bucket": "ALL", "tag": "", "HA_PROB": 0.0}, {"name": "scho90LT", "symbol": "MANYAVAR", "stock_qty": 6666, "buy_price": "1184.90", "act_buy_price": "1.00", "act_sell_price": "1.00", "close": "1188.20", "return_percentage": "0.00", "return_amt": "0.00", "user": 10, "day": "2024-08-26", "MAX_STOCK_FOUND": 15, "btst_return": "0.91", "bucket": "ALL", "tag": "", "HA_PROB": 0.0}], "report": {"error": "No records found for the given name"}}]